<?xml version="1.0"?>
<!--<!DOCTYPE metadata SYSTEM "http://www.esri.com/metadata/esriprof80.dtd">-->
<metadata xml:lang="en"><Esri><CreaDate>20080429</CreaDate><CreaTime>11203800</CreaTime><SyncOnce>FALSE</SyncOnce><SyncDate>20090317</SyncDate><SyncTime>11461000</SyncTime><ModDate>20090317</ModDate><ModTime>11461000</ModTime><DataProperties><lineage><Process Name="Project_19" ToolSource="C:\Program Files\ArcGIS\ArcToolbox\Toolboxes\Data Management Tools.tbx\Project" Date="20070221" Time="093341">Project "\\Fly\GIS\PROJECTS\Wise_viewer\DATA\Download021407\LargeRivers_v3\Ruth's Rivers\LargeRivers_finalv3.shp" "\\Fly\GIS\PROJECTS\Wise_viewer\DATA\Download021407\LargeRivers_v3\Ruth's Rivers\LargeRivers_finalv3_Prj.shp" PROJCS['ETRS_1989_LAEA_52N_10E',GEOGCS['GCS_ETRS_1989',DATUM['D_ETRS_1989',SPHEROID['GRS_1980',6378137.0,298.257222101]],PRIMEM['Greenwich',0.0],UNIT['Degree',0.0174532925199433]],PROJECTION['Lambert_Azimuthal_Equal_Area'],PARAMETER['False_Easting',4321000.0],PARAMETER['False_Northing',3210000.0],PARAMETER['Central_Meridian',10.0],PARAMETER['Latitude_Of_Origin',52.0],UNIT['Meter',1.0]] # GEOGCS['GCS_Assumed_Geographic_1',DATUM['D_North_American_1927',SPHEROID['Clarke_1866',6378206.4,294.9786982]],PRIMEM['Greenwich',0.0],UNIT['Degree',0.0174532925199433]]</Process><Process Name="FeatureClassToFeatureClass_3" ToolSource="C:\Program Files\ArcGIS\ArcToolbox\Toolboxes\Conversion Tools.tbx\FeatureClassToFeatureClass" Date="20080508" Time="155926">FeatureClassToFeatureClass "\\fly\gis\PROJECTS\WFD_data\Large rivers and lakes\Candidates\Ruth\LargeRivers_finalv3_Prj.shp" "\\fly\gis\PROJECTS\WFD_data\Large rivers and lakes\Large rivers and lakes.mdb\Large rivers and lakes" LargeRivers_finalv3_Prj # "NAME NAME true false false 254 Text 0 0 ,First,#,\\fly\gis\PROJECTS\WFD_data\Large rivers and lakes\Candidates\Ruth\LargeRivers_finalv3_Prj.shp,NAME,-1,-1" # "\\fly\gis\PROJECTS\WFD_data\Large rivers and lakes\Large rivers and lakes.mdb\Large rivers and lakes\LargeRivers_finalv3_Prj"</Process><Process ToolSource="C:\Program Files\ArcGIS\ArcToolbox\Toolboxes\Data Management Tools.tbx\CopyFeatures" Date="20090317" Time="114610">CopyFeatures "D:\Temp\Convert_to_shapefiles_Hermann\WISE\WISE Large rivers and large lakes F1v1.mdb\Large_rivers_large_lakes\Large_rivers" D:\Temp\Convert_to_shapefiles_Hermann\Large_rivers.shp # 0 0 0</Process></lineage></DataProperties><MetaID>{5429C176-CC97-4729-83FE-7016DE60F93D}</MetaID></Esri><idinfo><native Sync="TRUE">Microsoft Windows XP Version 5.1 (Build 2600) Service Pack 2; ESRI ArcCatalog 9.3.0.1770</native><descript><langdata Sync="TRUE">en</langdata><abstract>Large Rivers should have catchment areas greater than 50 000km2. Should be used in conjunction with main rivers and large lakes (found in this Personal Geodatabase) and Article 3 Transitional Waters. Large Rivers has been derived from:

- Eurostat 1: 10 000 000 Rivers dataset
- JRC CCM1
- WFD Article 3 submitted rivers (v1)
</abstract><purpose>EEA use for WISE Viewer</purpose></descript><citation><citeinfo><origin>REQUIRED: The name of an organization or individual that developed the data set.</origin><pubdate>REQUIRED: The date when the data set is published or otherwise made available for release.</pubdate><title Sync="TRUE">Large_rivers</title><ftname Sync="TRUE">Large_rivers</ftname><geoform Sync="TRUE">vector digital data</geoform><onlink Sync="TRUE">\\EEAPC8025\D$\Temp\Convert_to_shapefiles_Hermann\Large_rivers.shp</onlink></citeinfo></citation><timeperd><current>REQUIRED: The basis on which the time period of content information is determined.</current><timeinfo><sngdate><caldate>REQUIRED: The year (and optionally month, or month and day) for which the data set corresponds to the ground.</caldate></sngdate></timeinfo></timeperd><status><progress>REQUIRED: The state of the data set.</progress><update>REQUIRED: The frequency with which changes and additions are made to the data set after the initial data set is completed.</update></status><spdom><bounding><westbc Sync="TRUE">-25.908578</westbc><eastbc Sync="TRUE">43.960167</eastbc><northbc Sync="TRUE">68.584389</northbc><southbc Sync="TRUE">36.432043</southbc></bounding><lboundng><leftbc Sync="TRUE">2683612.345800</leftbc><rightbc Sync="TRUE">5852419.400500</rightbc><bottombc Sync="TRUE">1681231.326200</bottombc><topbc Sync="TRUE">5050981.065300</topbc></lboundng></spdom><keywords><theme><themekt>REQUIRED: Reference to a formally registered thesaurus or a similar authoritative source of theme keywords.</themekt><themekey>REQUIRED: Common-use word or phrase used to describe the subject of the data set.</themekey></theme></keywords><accconst>EEA</accconst><useconst>EEA</useconst><natvform Sync="TRUE">Shapefile</natvform></idinfo><dataIdInfo><envirDesc Sync="TRUE">Microsoft Windows XP Version 5.1 (Build 2600) Service Pack 2; ESRI ArcCatalog 9.3.0.1770</envirDesc><dataLang><languageCode Sync="TRUE" value="en"></languageCode></dataLang><idCitation><resTitle>Large_rivers</resTitle><presForm><PresFormCd Sync="TRUE" value="005"></PresFormCd></presForm><resAltTitle>LargeRivers_finalv3_Prj</resAltTitle><resRefDate><refDateType><DateTypeCd value="003"></DateTypeCd></refDateType><refDate>20080616</refDate></resRefDate><resEd>1</resEd></idCitation><spatRpType><SpatRepTypCd Sync="TRUE" value="001"></SpatRepTypCd></spatRpType><dataExt><geoEle><GeoBndBox esriExtentType="native"><westBL Sync="TRUE">-25.908578</westBL><eastBL Sync="TRUE">43.960167</eastBL><northBL Sync="TRUE">68.584389</northBL><southBL Sync="TRUE">36.432043</southBL><exTypeCode Sync="TRUE">1</exTypeCode></GeoBndBox><westBL>-25,908577579085</westBL><eastBL>43,9601672851781</eastBL><northBL>68,5843891817533</northBL><southBL>36,4320433275983</southBL></geoEle></dataExt><geoBox esriExtentType="decdegrees"><westBL Sync="TRUE">-25.908578</westBL><eastBL Sync="TRUE">43.960167</eastBL><northBL Sync="TRUE">68.584389</northBL><southBL Sync="TRUE">36.432043</southBL><exTypeCode Sync="TRUE">1</exTypeCode></geoBox><tpCat><TopicCatCd value="010"></TopicCatCd></tpCat><BrfAbsEEA>Large rivers are rivers that have a catchment area &gt; 50,000 km2.</BrfAbsEEA><idAbs>Large rivers are rivers that have a catchment area &gt; 50,000 km2 as defined in the WISE GIS guidance document. The geometry of Large rivers is extracted from 1) GISCO 'Water Pattern Europe, scale 10 million, version 2' (wpeu10mv2 line), 2) Water Framework Directive article 3 report from countries or 3) CCM1 from JRC. The main purpose of the data set is to provide a cartographic background. To have a visually uninterrupted hydrographic network it should be used in combination with WISE datasets: Large lakes, Other large rivers and tributaries and Transitional waters.</idAbs><descKeys><keyword>Water</keyword><keyword>Regions</keyword></descKeys><idPoC><role value="006"></role><rpOrgName>WRc plc</rpOrgName><rpCntInfo><cntAdress><delPoint>Water Research Centre (WRc plc), Frankland Road</delPoint><city>Blagrove</city><adminArea>Swindon, Wiltshire</adminArea><postCode>SN5 8YF</postCode><country>United Kingdom</country></cntAdress></rpCntInfo></idPoC><idPoC><role value="005"></role><rpOrgName>European Environment Agency</rpOrgName><rpCntInfo><cntAdress><delPoint>Kongens Nytorv 6</delPoint><city>Copenhagen</city><adminArea>K</adminArea><postCode>1050</postCode><country>Denmark</country><eMailAdd>eea@eea.europa.eu</eMailAdd></cntAdress></rpCntInfo></idPoC><dataScale><equScale><rfDenom>10000000</rfDenom></equScale><scaleDist>5000</scaleDist></dataScale></dataIdInfo><metainfo><langmeta Sync="TRUE">en</langmeta><metstdn Sync="TRUE">FGDC Content Standards for Digital Geospatial Metadata</metstdn><metstdv Sync="TRUE">FGDC-STD-001-1998</metstdv><mettc Sync="TRUE">local time</mettc><metc><cntinfo><cntorgp><cntper>REQUIRED: The person responsible for the metadata information.</cntper><cntorg>REQUIRED: The organization responsible for the metadata information.</cntorg></cntorgp><cntaddr><addrtype>REQUIRED: The mailing and/or physical address for the organization or individual.</addrtype><city>REQUIRED: The city of the address.</city><state>REQUIRED: The state or province of the address.</state><postal>REQUIRED: The ZIP or other postal code of the address.</postal></cntaddr><cntvoice>REQUIRED: The telephone number by which individuals can speak to the organization or individual.</cntvoice></cntinfo></metc><metd Sync="TRUE">20090317</metd><metextns><onlink Sync="TRUE">http://www.esri.com/metadata/esriprof80.html</onlink><metprof Sync="TRUE">ESRI Metadata Profile</metprof></metextns></metainfo><mdLang><languageCode Sync="TRUE" value="en"></languageCode></mdLang><mdStanName>EEA-MSGI/ISO19115 (First Edition)</mdStanName><mdStanVer>EEA-MSGI 1.1d</mdStanVer><mdChar><CharSetCd Sync="TRUE" value="004"></CharSetCd></mdChar><mdHrLv><ScopeCd Sync="TRUE" value="005"></ScopeCd></mdHrLv><mdHrLvName Sync="TRUE">dataset</mdHrLvName><distinfo><resdesc Sync="TRUE">Downloadable Data</resdesc><stdorder><digform><digtinfo><transize Sync="TRUE">0.000</transize><dssize Sync="TRUE">0.000</dssize></digtinfo></digform></stdorder></distinfo><distInfo><distributor><distorTran><onLineSrc><orDesc Sync="TRUE">002</orDesc><linkage Sync="TRUE">file://\\EEAPC8025\D$\Temp\Convert_to_shapefiles_Hermann\Large_rivers.shp</linkage><protocol Sync="TRUE">Local Area Network</protocol></onLineSrc><transSize Sync="TRUE">0.000</transSize></distorTran><distorFormat><formatName Sync="TRUE">Shapefile</formatName></distorFormat></distributor></distInfo><spdoinfo><direct Sync="TRUE">Vector</direct><ptvctinf><esriterm Name="Large_rivers"><efeatyp Sync="TRUE">Simple</efeatyp><efeageom Sync="TRUE">Polyline</efeageom><esritopo Sync="TRUE">FALSE</esritopo><efeacnt Sync="TRUE">0</efeacnt><spindex Sync="TRUE">FALSE</spindex><linrefer Sync="TRUE">FALSE</linrefer></esriterm><sdtsterm Name="Large_rivers"><sdtstype Sync="TRUE">String</sdtstype><ptvctcnt Sync="TRUE">0</ptvctcnt></sdtsterm></ptvctinf></spdoinfo><spref><horizsys><cordsysn><geogcsn Sync="TRUE">GCS_ETRS_1989</geogcsn><projcsn Sync="TRUE">ETRS_1989_LAEA_52N_10E</projcsn></cordsysn><geodetic><horizdn Sync="TRUE">D_ETRS_1989</horizdn><ellips Sync="TRUE">Geodetic Reference System 80</ellips><semiaxis Sync="TRUE">6378137.000000</semiaxis><denflat Sync="TRUE">298.257222</denflat></geodetic><planar><planci><plance Sync="TRUE">coordinate pair</plance><plandu Sync="TRUE">meters</plandu><coordrep><absres Sync="TRUE">0.000000</absres><ordres Sync="TRUE">0.000000</ordres></coordrep></planci><mapproj><mapprojn Sync="TRUE">Lambert Azimuthal Equal Area</mapprojn><lamberta><longpc Sync="TRUE">10.000000</longpc><latprjc Sync="TRUE">52.000000</latprjc><feast Sync="TRUE">4321000.000000</feast><fnorth Sync="TRUE">3210000.000000</fnorth></lamberta></mapproj></planar></horizsys><vertdef><altsys><altenc Sync="TRUE">Explicit elevation coordinate included with horizontal coordinates</altenc><altres Sync="TRUE">0.000100</altres></altsys></vertdef></spref><refSysInfo><RefSystem><refSysID><identCode Sync="TRUE">ETRS_1989_LAEA_52N_10E</identCode></refSysID></RefSystem><refSysName><identCode>ETRS_1989_LAEA_52N_10E</identCode></refSysName><datum><identCode>D_ETRS_1989</identCode></datum><ellipsoid><identCode>GRS_1980</identCode><semiMajAx>6378137</semiMajAx><axisUnits>Degrees</axisUnits><denFlatRat>3.35281068118232E-03</denFlatRat></ellipsoid><projection><latProjCnt></latProjCnt><stanParal></stanParal><identCode>Lambert_Azimuthal_Equal_Area</identCode><stanParal></stanParal><longCntMer>10</longCntMer><latProjOri>52</latProjOri><falEastng>4321000</falEastng><falNorthng>3210000</falNorthng><falENUnits>Meter</falENUnits><sclFacEqu></sclFacEqu><longProjCnt></longProjCnt></projection></refSysInfo><spatRepInfo><VectSpatRep><topLvl><TopoLevCd Sync="TRUE" value="001"></TopoLevCd></topLvl><geometObjs Name="Large_rivers"><geoObjTyp><GeoObjTypCd Sync="TRUE" value="001"></GeoObjTypCd></geoObjTyp><geoObjCnt Sync="TRUE">0</geoObjCnt></geometObjs></VectSpatRep></spatRepInfo><eainfo><detailed Name="Large_rivers"><attr><attrlabl Sync="TRUE">NAME</attrlabl><attalias Sync="TRUE">NAME</attalias><attrtype Sync="TRUE">String</attrtype><attwidth Sync="TRUE">254</attwidth></attr><attr><attrlabl Sync="TRUE">FID</attrlabl><attalias Sync="TRUE">FID</attalias><attrtype Sync="TRUE">OID</attrtype><attwidth Sync="TRUE">4</attwidth><atprecis Sync="TRUE">0</atprecis><attscale Sync="TRUE">0</attscale><attrdef Sync="TRUE">Internal feature number.</attrdef><attrdefs Sync="TRUE">ESRI</attrdefs><attrdomv><udom Sync="TRUE">Sequential unique whole numbers that are automatically generated.</udom></attrdomv></attr><enttyp><enttypl Sync="TRUE">Large_rivers</enttypl><enttypt Sync="TRUE">Feature Class</enttypt><enttypc Sync="TRUE">0</enttypc></enttyp><attr><attrlabl Sync="TRUE">Shape</attrlabl><attalias Sync="TRUE">Shape</attalias><attrtype Sync="TRUE">Geometry</attrtype><attwidth Sync="TRUE">0</attwidth><atprecis Sync="TRUE">0</atprecis><attscale Sync="TRUE">0</attscale><attrdef Sync="TRUE">Feature geometry.</attrdef><attrdefs Sync="TRUE">ESRI</attrdefs><attrdomv><udom Sync="TRUE">Coordinates defining the features.</udom></attrdomv></attr><attr><attrlabl Sync="TRUE">Shape_Leng</attrlabl><attalias Sync="TRUE">Shape_Leng</attalias><attrtype Sync="TRUE">Float</attrtype><attwidth Sync="TRUE">19</attwidth><atnumdec Sync="TRUE">11</atnumdec></attr></detailed></eainfo><mdDateSt>20090223</mdDateSt><dataqual><lineage><procstep><procdesc Sync="TRUE">Dataset copied.</procdesc><srcused Sync="TRUE"></srcused><date Sync="TRUE">20070221</date><time Sync="TRUE">09334100</time></procstep><procstep><procdesc Sync="TRUE">Dataset copied.</procdesc><srcused Sync="TRUE">\\fly\gis\PROJECTS\Wise_viewer\DATA\Download021407\WRc\LargeRivers_v3\Ruth's Rivers\LargeRivers_finalv3_Prj</srcused><date Sync="TRUE">20080429</date><time Sync="TRUE">11203800</time></procstep></lineage></dataqual><mdContact><role><RoleCd>007</RoleCd></role><rpOrgName>European Environment Agency</rpOrgName><rpIndName>Mette Lund</rpIndName><rpCntInfo><cntAddress><delPoint>Kongens Nytorv 6</delPoint><city>Copenhagen</city><adminArea>K</adminArea><postCode>1050</postCode><country>Denmark</country><eMailAdd>eea@eea.europa.eu</eMailAdd></cntAddress></rpCntInfo></mdContact><mdExtInfo><extEleInfo><extEleName>EEABriefAbstract</extEleName><extShortName>BrfAbsEEA</extShortName><extEleDef>Brief narrative summary of the content of the dataset (max. 100 characters)</extEleDef><eleDataType value="014"></eleDataType><extEleParEnt>Metadata/dataIdInfo/</extEleParEnt></extEleInfo><extEleInfo><extEleName>EEADatasetChanges</extEleName><extShortName>DataChgEEA</extShortName><extEleDef>Changes since last version of dataset</extEleDef><eleDataType value="014"></eleDataType><extEleParEnt>Metadata/dqInfo/</extEleParEnt></extEleInfo><extEleInfo><extEleName>EEAPublishStatus</extEleName><extShortName>PubStaEEA</extShortName><extEleDef>Dataset and metadata publish status</extEleDef><eleDataType value="014"></eleDataType><extEleParEnt>Metadata/dqInfo/</extEleParEnt></extEleInfo></mdExtInfo><mdConst><accessConsts><RestrictCd value="008"></RestrictCd></accessConsts><othConsts>No restriction</othConsts></mdConst><dqInfo><PubStaEEA>Ready for publish</PubStaEEA><dataLineage><statement>NA</statement></dataLineage><DataChgEEA>NA</DataChgEEA></dqInfo></metadata>
